file_name,main_class,resolution,class_label,width,height,aspect_ratio,file_size_kb,mean_intensity,std_intensity,skewness,kurtosis,entropy,edge_density
DPP0012.TIF,Canon_60D,NA,Canon_60D_NA,480,270,1.778,238.72,115.126,52.972,-0.336,-1.033,5.191,0.141
DPP0012_mask.PNG,Canon_60D,NA,Canon_60D_NA,480,270,1.778,0.29,1.556,19.861,12.683,158.849,0.037,0.002
DPP0022.TIF,Canon_60D,NA,Canon_60D_NA,480,270,1.778,196.99,110.162,29.505,-1.342,0.874,4.25,0.034
DPP0022_mask.PNG,Canon_60D,NA,Canon_60D_NA,480,270,1.778,0.5,11.442,52.789,4.397,17.334,0.183,0.004
DPP0033.TIF,Canon_60D,NA,Canon_60D_NA,480,270,1.778,263.56,108.92,44.39,0.184,-0.999,5.079,0.164
DPP0033_mask.PNG,Canon_60D,NA,Canon_60D_NA,480,270,1.778,0.72,20.349,69.101,3.101,7.618,0.278,0.009
DPP0086.TIF,Canon_60D,NA,Canon_60D_NA,480,270,1.778,241.16,132.575,61.182,0.376,-0.969,5.248,0.132
DPP0086_mask.PNG,Canon_60D,NA,Canon_60D_NA,480,270,1.778,0.53,10.308,50.223,4.667,19.78,0.169,0.005
DPP0093.TIF,Canon_60D,NA,Canon_60D_NA,480,270,1.778,239.85,126.647,35.487,-0.21,-1.051,4.758,0.079
DPP0093_mask.PNG,Canon_60D,NA,Canon_60D_NA,480,270,1.778,0.26,2.072,22.892,10.958,118.085,0.047,0.002
DPP0100.TIF,Canon_60D,NA,Canon_60D_NA,480,270,1.778,220.54,119.587,41.133,0.303,-0.586,5.002,0.075
DPP0100_mask.PNG,Canon_60D,NA,Canon_60D_NA,480,270,1.778,0.46,8.65,46.161,5.149,24.516,0.148,0.004
DPP0122.TIF,Canon_60D,NA,Canon_60D_NA,480,270,1.778,340.68,114.071,59.555,0.315,-1.197,5.298,0.209
DPP0122_mask.PNG,Canon_60D,NA,Canon_60D_NA,480,270,1.778,0.45,9.098,47.3,5.006,23.065,0.154,0.004
DPP0173.TIF,Canon_60D,NA,Canon_60D_NA,480,270,1.778,236.45,118.139,51.965,0.237,-1.372,5.048,0.093
DPP0173_mask.PNG,Canon_60D,NA,Canon_60D_NA,480,270,1.778,0.44,11.329,52.542,4.422,17.554,0.182,0.004
DPP0183.TIF,Canon_60D,NA,Canon_60D_NA,480,270,1.778,319.28,123.994,47.137,0.123,-0.275,5.222,0.17
DPP0183_mask.PNG,Canon_60D,NA,Canon_60D_NA,480,270,1.778,0.45,11.542,53.009,4.375,17.141,0.184,0.004
DPP0219.TIF,Canon_60D,NA,Canon_60D_NA,480,270,1.778,290.93,118.269,51.41,0.232,-1.345,5.11,0.12
DPP0219_mask.PNG,Canon_60D,NA,Canon_60D_NA,480,270,1.778,0.41,13.779,57.652,3.945,13.563,0.21,0.004
DPP0243.TIF,Canon_60D,NA,Canon_60D_NA,480,270,1.778,239.42,144.97,47.701,-0.383,-1.012,5.123,0.118
DPP0243_mask.PNG,Canon_60D,NA,Canon_60D_NA,480,270,1.778,0.35,45.377,97.529,1.684,0.836,0.468,0.002
DPP0251.TIF,Canon_60D,NA,Canon_60D_NA,480,270,1.778,261.04,106.876,47.146,1.336,1.939,4.935,0.095
DPP0251_mask.PNG,Canon_60D,NA,Canon_60D_NA,480,270,1.778,0.37,2.593,25.584,9.764,93.341,0.057,0.003
DPP0308.TIF,Canon_60D,NA,Canon_60D_NA,480,270,1.778,227.03,121.495,51.526,0.917,-0.246,5.025,0.067
DPP0308_mask.PNG,Canon_60D,NA,Canon_60D_NA,480,270,1.778,0.28,3.451,29.464,8.42,68.902,0.072,0.002
DPP0331.TIF,Canon_60D,NA,Canon_60D_NA,480,270,1.778,305.93,134.99,60.894,0.556,-0.561,5.205,0.183
DPP0331_mask.PNG,Canon_60D,NA,Canon_60D_NA,480,270,1.778,0.7,16.209,62.214,3.578,10.8,0.237,0.006
DPP0340.TIF,Canon_60D,NA,Canon_60D_NA,480,270,1.778,233.24,121.971,25.977,-0.959,2.796,4.452,0.056
DPP0340_mask.PNG,Canon_60D,NA,Canon_60D_NA,480,270,1.778,0.45,40.668,93.362,1.86,1.46,0.439,0.006
DPP0405.TIF,Canon_60D,NA,Canon_60D_NA,480,270,1.778,260.1,110.151,46.034,-0.099,-1.166,5.023,0.159
DPP0405_mask.PNG,Canon_60D,NA,Canon_60D_NA,480,270,1.778,0.27,4.112,32.12,7.683,57.026,0.083,0.002
DPP0445.TIF,Canon_60D,NA,Canon_60D_NA,480,270,1.778,356.18,148.623,48.143,-0.11,-0.669,5.259,0.24
DPP0445_mask.PNG,Canon_60D,NA,Canon_60D_NA,480,270,1.778,0.45,8.443,45.625,5.219,25.237,0.145,0.004
DPP0454.TIF,Canon_60D,NA,Canon_60D_NA,480,270,1.778,289.93,112.0,58.953,0.175,-0.659,5.23,0.17
DPP0454_mask.PNG,Canon_60D,NA,Canon_60D_NA,480,270,1.778,0.54,10.765,51.275,4.553,18.733,0.175,0.005
DPP0478.TIF,Canon_60D,NA,Canon_60D_NA,480,270,1.778,317.25,112.934,47.332,-0.104,-0.903,5.21,0.175
DPP0478_mask.PNG,Canon_60D,NA,Canon_60D_NA,480,270,1.778,0.49,4.171,32.346,7.626,56.149,0.084,0.004
DPP0519.TIF,Canon_60D,NA,Canon_60D_NA,480,270,1.778,338.64,118.662,47.338,0.472,-0.248,5.214,0.193
DPP0519_mask.PNG,Canon_60D,NA,Canon_60D_NA,480,270,1.778,0.25,1.95,22.213,11.304,125.785,0.045,0.001
DPP0526.TIF,Canon_60D,NA,Canon_60D_NA,480,270,1.778,296.3,106.353,37.233,0.657,0.647,4.995,0.127
DPP0526_mask.PNG,Canon_60D,NA,Canon_60D_NA,480,270,1.778,0.47,15.979,61.8,3.609,11.025,0.234,0.003
DPP0549.TIF,Canon_60D,NA,Canon_60D_NA,480,270,1.778,260.49,126.403,59.38,-0.075,-1.438,5.21,0.117
DPP0549_mask.PNG,Canon_60D,NA,Canon_60D_NA,480,270,1.778,0.31,6.79,41.053,5.881,32.582,0.123,0.002
DPP0550.TIF,Canon_60D,NA,Canon_60D_NA,480,270,1.778,290.38,120.53,54.532,0.355,-1.14,5.21,0.159
DPP0550_mask.PNG,Canon_60D,NA,Canon_60D_NA,480,270,1.778,0.32,22.501,72.329,2.903,6.429,0.298,0.002
DPP0581.TIF,Canon_60D,NA,Canon_60D_NA,480,270,1.778,240.66,126.054,46.16,0.457,-0.714,5.106,0.14
DPP0581_mask.PNG,Canon_60D,NA,Canon_60D_NA,480,270,1.778,0.39,5.07,35.599,6.878,45.311,0.098,0.003
DPP0602.TIF,Canon_60D,NA,Canon_60D_NA,480,270,1.778,250.92,123.881,61.234,0.656,-0.44,5.134,0.122
DPP0602_mask.PNG,Canon_60D,NA,Canon_60D_NA,480,270,1.778,0.35,3.026,27.614,9.015,79.277,0.064,0.003
DPP0622.TIF,Canon_60D,NA,Canon_60D_NA,480,270,1.778,295.72,143.464,62.074,-0.136,-1.038,5.411,0.158
DPP0622_mask.PNG,Canon_60D,NA,Canon_60D_NA,480,270,1.778,0.38,17.079,63.745,3.464,10.003,0.246,0.003
DPP0638.TIF,Canon_60D,NA,Canon_60D_NA,480,270,1.778,337.31,95.184,44.991,1.362,1.697,4.975,0.181
DPP0638_mask.PNG,Canon_60D,NA,Canon_60D_NA,480,270,1.778,0.29,2.902,27.049,9.213,82.876,0.062,0.002
r0d8d62edt.TIF,Nikon_D7000,NA,Nikon_D7000_NA,480,270,1.778,204.66,137.207,66.337,0.269,-1.169,5.242,0.026
r0d8d62edt_mask.PNG,Nikon_D7000,NA,Nikon_D7000_NA,480,270,1.778,0.45,36.367,89.169,2.044,2.178,0.41,0.003
r0e661e0dt.TIF,Nikon_D7000,NA,Nikon_D7000_NA,480,270,1.778,249.63,129.308,89.507,-0.013,-1.685,5.159,0.084
r0e661e0dt_mask.PNG,Nikon_D7000,NA,Nikon_D7000_NA,480,270,1.778,0.39,4.832,34.769,7.056,47.788,0.094,0.003
r1d679eaet.TIF,Nikon_D7000,NA,Nikon_D7000_NA,480,270,1.778,273.48,149.271,37.34,-1.242,1.929,4.88,0.073
r1d679eaet_mask.PNG,Nikon_D7000,NA,Nikon_D7000_NA,480,270,1.778,0.34,10.536,50.752,4.609,19.245,0.172,0.003
r2410fbc3t.TIF,Nikon_D7000,NA,Nikon_D7000_NA,480,270,1.778,100.55,205.605,37.647,-1.318,0.491,3.674,0.022
r2410fbc3t_mask.PNG,Nikon_D7000,NA,Nikon_D7000_NA,480,270,1.778,0.46,8.933,46.884,5.058,23.583,0.152,0.005
r2db3db79t.TIF,Nikon_D7000,NA,Nikon_D7000_NA,480,270,1.778,268.51,122.383,73.771,-0.039,-1.453,5.19,0.136
r2db3db79t_mask.PNG,Nikon_D7000,NA,Nikon_D7000_NA,480,270,1.778,0.64,40.885,93.563,1.851,1.428,0.44,0.005
r4dbba042t.TIF,Nikon_D7000,NA,Nikon_D7000_NA,480,270,1.778,261.35,107.402,50.167,0.529,-0.032,5.075,0.098
r4dbba042t_mask.PNG,Nikon_D7000,NA,Nikon_D7000_NA,480,270,1.778,0.33,8.579,45.978,5.173,24.76,0.147,0.003
r53e0b40ft.TIF,Nikon_D7000,NA,Nikon_D7000_NA,480,270,1.778,224.16,179.543,48.612,-0.726,-0.789,4.517,0.171
r53e0b40ft_mask.PNG,Nikon_D7000,NA,Nikon_D7000_NA,480,270,1.778,0.3,4.767,34.54,7.107,48.506,0.093,0.002
r59f5b042t.TIF,Nikon_D7000,NA,Nikon_D7000_NA,480,270,1.778,281.17,172.217,29.909,0.176,1.252,4.632,0.068
r59f5b042t_mask.PNG,Nikon_D7000,NA,Nikon_D7000_NA,480,270,1.778,0.33,6.733,40.885,5.908,32.9,0.122,0.002
r5b31f2bat.TIF,Nikon_D7000,NA,Nikon_D7000_NA,480,270,1.778,296.79,124.826,56.625,0.41,-0.266,5.267,0.202
r5b31f2bat_mask.PNG,Nikon_D7000,NA,Nikon_D7000_NA,480,270,1.778,0.3,15.058,60.109,3.741,11.997,0.224,0.003
r6423cf23t.TIF,Nikon_D7000,NA,Nikon_D7000_NA,480,270,1.778,289.12,137.898,43.771,-0.821,0.006,4.989,0.184
r6423cf23t_mask.PNG,Nikon_D7000,NA,Nikon_D7000_NA,480,270,1.778,0.47,15.095,60.178,3.736,11.956,0.225,0.004
r64abc7bat.TIF,Nikon_D7000,NA,Nikon_D7000_NA,480,270,1.778,261.07,143.5,61.277,-0.048,-0.962,5.378,0.123
r64abc7bat_mask.PNG,Nikon_D7000,NA,Nikon_D7000_NA,480,270,1.778,0.5,6.967,41.57,5.799,31.628,0.125,0.004
r64fd9639t.TIF,Nikon_D7000,NA,Nikon_D7000_NA,480,270,1.778,295.67,109.061,40.23,0.571,-0.167,5.057,0.164
r64fd9639t_mask.PNG,Nikon_D7000,NA,Nikon_D7000_NA,480,270,1.778,0.59,17.484,64.442,3.414,9.658,0.25,0.004
r6d1a84e7t.TIF,Nikon_D7000,NA,Nikon_D7000_NA,480,270,1.778,168.46,182.29,50.561,-0.506,-0.669,4.644,0.066
r6d1a84e7t_mask.PNG,Nikon_D7000,NA,Nikon_D7000_NA,480,270,1.778,0.57,21.846,71.369,2.961,6.766,0.292,0.006
r744b52b9t.TIF,Nikon_D7000,NA,Nikon_D7000_NA,480,270,1.778,221.21,170.791,62.116,-1.53,0.668,4.221,0.04
r744b52b9t_mask.PNG,Nikon_D7000,NA,Nikon_D7000_NA,480,270,1.778,1.36,40.342,93.057,1.873,1.509,0.437,0.015
r779134bft.TIF,Nikon_D7000,NA,Nikon_D7000_NA,480,270,1.778,282.09,151.98,32.558,-0.73,0.782,4.819,0.146
r779134bft_mask.PNG,Nikon_D7000,NA,Nikon_D7000_NA,480,270,1.778,0.99,11.528,52.979,4.378,17.167,0.184,0.011
r7aca24c9t.TIF,Nikon_D7000,NA,Nikon_D7000_NA,480,270,1.778,245.38,160.493,57.646,-0.526,-0.764,5.233,0.148
r7aca24c9t_mask.PNG,Nikon_D7000,NA,Nikon_D7000_NA,480,270,1.778,0.4,11.231,52.324,4.444,17.751,0.181,0.003
r80d9a021t.TIF,Nikon_D7000,NA,Nikon_D7000_NA,480,270,1.778,273.72,157.468,30.383,0.109,1.371,4.762,0.201
r80d9a021t_mask.PNG,Nikon_D7000,NA,Nikon_D7000_NA,480,270,1.778,0.66,12.366,54.777,4.204,15.671,0.194,0.006
r855ab9bdt.TIF,Nikon_D7000,NA,Nikon_D7000_NA,480,270,1.778,164.28,179.919,65.526,-1.006,-0.213,5.01,0.066
r855ab9bdt_mask.PNG,Nikon_D7000,NA,Nikon_D7000_NA,480,270,1.778,0.29,1.409,18.901,13.342,176.011,0.034,0.002
r8d9821cft.TIF,Nikon_D7000,NA,Nikon_D7000_NA,480,270,1.778,291.35,152.562,66.834,-0.279,-1.057,5.415,0.141
r8d9821cft_mask.PNG,Nikon_D7000,NA,Nikon_D7000_NA,480,270,1.778,0.36,9.799,49.017,4.803,21.064,0.163,0.002
r90a6fa0dt.TIF,Nikon_D7000,NA,Nikon_D7000_NA,480,270,1.778,194.59,86.79,40.46,-0.329,-1.271,4.86,0.016
r90a6fa0dt_mask.PNG,Nikon_D7000,NA,Nikon_D7000_NA,480,270,1.778,0.61,20.864,69.893,3.051,7.311,0.283,0.005
r92214bb9t.TIF,Nikon_D7000,NA,Nikon_D7000_NA,480,270,1.778,229.54,130.36,49.744,0.708,-0.184,5.087,0.079
r92214bb9t_mask.PNG,Nikon_D7000,NA,Nikon_D7000_NA,480,270,1.778,0.31,25.057,75.906,2.699,5.286,0.321,0.004
r95055c12t.TIF,Nikon_D7000,NA,Nikon_D7000_NA,480,270,1.778,173.88,164.156,67.525,-1.19,-0.102,4.937,0.043
r95055c12t_mask.PNG,Nikon_D7000,NA,Nikon_D7000_NA,480,270,1.778,0.75,34.122,86.815,2.151,2.628,0.394,0.007
r9dd68cc6t.TIF,Nikon_D7000,NA,Nikon_D7000_NA,480,270,1.778,305.16,138.537,29.594,-0.129,1.39,4.738,0.102
r9dd68cc6t_mask.PNG,Nikon_D7000,NA,Nikon_D7000_NA,480,270,1.778,0.29,4.165,32.324,7.631,56.235,0.083,0.002
ra2feaee3t.TIF,Nikon_D7000,NA,Nikon_D7000_NA,480,270,1.778,265.56,135.005,72.064,-0.056,-1.311,5.45,0.208
ra2feaee3t_mask.PNG,Nikon_D7000,NA,Nikon_D7000_NA,480,270,1.778,0.53,19.395,67.598,3.198,8.23,0.269,0.006
ra933d303t.TIF,Nikon_D7000,NA,Nikon_D7000_NA,480,270,1.778,155.71,181.458,44.017,-1.987,3.11,4.416,0.04
ra933d303t_mask.PNG,Nikon_D7000,NA,Nikon_D7000_NA,480,270,1.778,0.25,6.65,40.64,5.947,33.37,0.121,0.003
rb79056e7t.TIF,Nikon_D7000,NA,Nikon_D7000_NA,480,270,1.778,199.91,141.495,49.902,-1.235,0.311,4.562,0.09
rb79056e7t_mask.PNG,Nikon_D7000,NA,Nikon_D7000_NA,480,270,1.778,0.26,5.46,36.912,6.612,41.725,0.103,0.003
r0428df0ct.TIF,Nikon_D90,NA,Nikon_D90_NA,480,270,1.778,253.52,159.237,58.338,-0.16,-1.044,5.287,0.1
r0428df0ct_mask.PNG,Nikon_D90,NA,Nikon_D90_NA,480,270,1.778,0.29,9.897,49.252,4.776,20.806,0.164,0.002
r0f2e6baft.TIF,Nikon_D90,NA,Nikon_D90_NA,480,270,1.778,223.29,158.536,39.343,-1.004,1.127,4.973,0.047
r0f2e6baft_mask.PNG,Nikon_D90,NA,Nikon_D90_NA,480,270,1.778,0.32,14.962,59.928,3.756,12.106,0.223,0.002
r1be2a3d5t.TIF,Nikon_D90,NA,Nikon_D90_NA,480,270,1.778,245.71,151.864,50.662,-1.171,0.254,4.744,0.09
r1be2a3d5t_mask.PNG,Nikon_D90,NA,Nikon_D90_NA,480,270,1.778,0.44,13.691,57.477,3.96,13.683,0.209,0.004
r1f23f4ddt.TIF,Nikon_D90,NA,Nikon_D90_NA,480,270,1.778,267.22,147.44,33.802,-1.025,0.915,4.769,0.132
r1f23f4ddt_mask.PNG,Nikon_D90,NA,Nikon_D90_NA,480,270,1.778,0.38,8.234,45.077,5.292,26.001,0.143,0.003
r233ca958t.TIF,Nikon_D90,NA,Nikon_D90_NA,480,270,1.778,277.61,128.139,51.032,-0.306,-0.775,5.26,0.229
r233ca958t_mask.PNG,Nikon_D90,NA,Nikon_D90_NA,480,270,1.778,0.43,11.184,52.219,4.455,17.847,0.18,0.004
r280500d8t.TIF,Nikon_D90,NA,Nikon_D90_NA,480,270,1.778,161.91,173.639,43.102,-1.558,1.599,4.583,0.056
r280500d8t_mask.PNG,Nikon_D90,NA,Nikon_D90_NA,480,270,1.778,0.47,12.069,54.148,4.264,16.178,0.191,0.003
r2c07a32bt.TIF,Nikon_D90,NA,Nikon_D90_NA,480,270,1.778,296.11,160.02,67.318,-0.273,-1.186,5.341,0.179
r2c07a32bt_mask.PNG,Nikon_D90,NA,Nikon_D90_NA,480,270,1.778,0.39,6.727,40.868,5.91,32.933,0.122,0.003
r2eb3894ft.TIF,Nikon_D90,NA,Nikon_D90_NA,480,270,1.778,173.06,203.602,34.635,-1.84,4.665,4.576,0.036
r2eb3894ft_mask.PNG,Nikon_D90,NA,Nikon_D90_NA,480,270,1.778,0.57,17.411,64.317,3.423,9.719,0.249,0.005
r4156671ct.TIF,Nikon_D90,NA,Nikon_D90_NA,480,270,1.778,208.99,136.744,47.413,-0.727,-0.217,5.078,0.087
r4156671ct_mask.PNG,Nikon_D90,NA,Nikon_D90_NA,480,270,1.778,0.72,45.52,97.65,1.679,0.819,0.469,0.007
r51ad899dt.TIF,Nikon_D90,NA,Nikon_D90_NA,480,270,1.778,205.32,156.411,61.744,-1.073,-0.102,5.001,0.087
r51ad899dt_mask.PNG,Nikon_D90,NA,Nikon_D90_NA,480,270,1.778,0.5,6.869,41.284,5.844,32.152,0.124,0.005
r5681fb1ct.TIF,Nikon_D90,NA,Nikon_D90_NA,480,270,1.778,229.92,146.599,46.336,-0.32,-0.111,4.917,0.113
r5681fb1ct_mask.PNG,Nikon_D90,NA,Nikon_D90_NA,480,270,1.778,0.33,5.905,38.352,6.341,38.209,0.11,0.002
r5e07d7b3t.TIF,Nikon_D90,NA,Nikon_D90_NA,480,270,1.778,267.95,118.318,31.464,-0.368,1.377,4.806,0.084
r5e07d7b3t_mask.PNG,Nikon_D90,NA,Nikon_D90_NA,480,270,1.778,0.41,19.938,68.459,3.142,7.875,0.274,0.004
r6a6811f1t.TIF,Nikon_D90,NA,Nikon_D90_NA,480,270,1.778,234.8,145.839,30.005,-2.283,4.413,3.884,0.031
r6a6811f1t_mask.PNG,Nikon_D90,NA,Nikon_D90_NA,480,270,1.778,0.4,9.956,49.393,4.76,20.653,0.165,0.003
r73eca048t.TIF,Nikon_D90,NA,Nikon_D90_NA,480,270,1.778,310.6,106.016,46.13,0.36,-0.772,5.142,0.184
r73eca048t_mask.PNG,Nikon_D90,NA,Nikon_D90_NA,480,270,1.778,0.49,8.236,45.082,5.291,25.994,0.143,0.005
r7710a7fat.TIF,Nikon_D90,NA,Nikon_D90_NA,480,270,1.778,324.42,127.801,32.527,-0.192,-1.019,4.797,0.207
r7710a7fat_mask.PNG,Nikon_D90,NA,Nikon_D90_NA,480,270,1.778,0.82,16.996,63.601,3.475,10.075,0.245,0.008
r9683df80t.TIF,Nikon_D90,NA,Nikon_D90_NA,480,270,1.778,162.79,144.802,82.489,-0.674,-1.249,4.996,0.061
r9683df80t_mask.PNG,Nikon_D90,NA,Nikon_D90_NA,480,270,1.778,0.18,3.878,31.207,7.923,60.769,0.079,0.002
r9c95ce63t.TIF,Nikon_D90,NA,Nikon_D90_NA,480,270,1.778,251.47,142.251,34.087,-1.433,2.363,4.457,0.088
r9c95ce63t_mask.PNG,Nikon_D90,NA,Nikon_D90_NA,480,270,1.778,0.34,8.02,44.506,5.369,26.828,0.14,0.003
r9ebe97bct.TIF,Nikon_D90,NA,Nikon_D90_NA,480,270,1.778,328.31,169.451,47.963,-0.745,0.766,5.073,0.187
r9ebe97bct_mask.PNG,Nikon_D90,NA,Nikon_D90_NA,480,270,1.778,0.44,20.123,68.748,3.124,7.758,0.276,0.003
ra612bf10t.TIF,Nikon_D90,NA,Nikon_D90_NA,480,270,1.778,267.77,118.529,73.198,0.336,-1.18,5.355,0.136
ra612bf10t_mask.PNG,Nikon_D90,NA,Nikon_D90_NA,480,270,1.778,0.32,4.642,34.089,7.208,49.957,0.091,0.003
rb4593e2bt.TIF,Nikon_D90,NA,Nikon_D90_NA,480,270,1.778,271.09,89.177,46.557,0.404,-0.636,5.161,0.131
rb4593e2bt_mask.PNG,Nikon_D90,NA,Nikon_D90_NA,480,270,1.778,0.69,13.368,56.834,4.016,14.131,0.206,0.006
rbc87504ct.TIF,Nikon_D90,NA,Nikon_D90_NA,480,270,1.778,271.64,165.227,41.29,-1.244,1.571,4.817,0.14
rbc87504ct_mask.PNG,Nikon_D90,NA,Nikon_D90_NA,480,270,1.778,0.5,11.284,52.442,4.432,17.644,0.181,0.007
rc464e4act.TIF,Nikon_D90,NA,Nikon_D90_NA,480,270,1.778,221.41,89.472,36.719,0.351,-0.417,4.904,0.073
rc464e4act_mask.PNG,Nikon_D90,NA,Nikon_D90_NA,480,270,1.778,0.55,26.84,78.255,2.573,4.618,0.336,0.007
rc526e111t.TIF,Nikon_D90,NA,Nikon_D90_NA,480,270,1.778,201.65,81.277,34.446,1.157,1.902,4.669,0.026
rc526e111t_mask.PNG,Nikon_D90,NA,Nikon_D90_NA,480,270,1.778,0.43,23.039,73.103,2.858,6.168,0.303,0.004
rcf8e62abt.TIF,Nikon_D90,NA,Nikon_D90_NA,480,270,1.778,175.33,166.257,31.929,-0.846,0.266,4.543,0.054
rcf8e62abt_mask.PNG,Nikon_D90,NA,Nikon_D90_NA,480,270,1.778,0.24,2.214,23.655,10.593,110.209,0.05,0.001
rd3534b7ct.TIF,Nikon_D90,NA,Nikon_D90_NA,480,270,1.778,305.65,131.224,33.782,-0.189,0.597,4.88,0.199
rd3534b7ct_mask.PNG,Nikon_D90,NA,Nikon_D90_NA,480,270,1.778,0.44,13.523,57.145,3.989,13.912,0.207,0.004
rdc96595et.TIF,Nikon_D90,NA,Nikon_D90_NA,480,270,1.778,200.59,128.692,58.27,-0.079,-1.742,4.821,0.046
rdc96595et_mask.PNG,Nikon_D90,NA,Nikon_D90_NA,480,270,1.778,0.54,15.522,60.969,3.673,11.493,0.229,0.005
rdff42cect.TIF,Nikon_D90,NA,Nikon_D90_NA,480,270,1.778,257.56,121.266,33.454,-1.042,0.372,4.68,0.081
rdff42cect_mask.PNG,Nikon_D90,NA,Nikon_D90_NA,480,270,1.778,0.47,5.889,38.302,6.35,38.325,0.11,0.004
re9006ea8t.TIF,Nikon_D90,NA,Nikon_D90_NA,480,270,1.778,209.58,152.21,20.618,-1.909,8.5,3.985,0.043
re9006ea8t_mask.PNG,Nikon_D90,NA,Nikon_D90_NA,480,270,1.778,0.49,11.55,53.026,4.373,17.126,0.184,0.003
re9a83ac0t.TIF,Nikon_D90,NA,Nikon_D90_NA,480,270,1.778,240.7,161.965,35.781,0.093,-0.206,4.388,0.078
re9a83ac0t_mask.PNG,Nikon_D90,NA,Nikon_D90_NA,480,270,1.778,0.63,13.864,57.819,3.931,13.451,0.211,0.006
rf40488a1t.TIF,Nikon_D90,NA,Nikon_D90_NA,480,270,1.778,263.62,142.46,33.087,-1.002,0.87,4.658,0.174
rf40488a1t_mask.PNG,Nikon_D90,NA,Nikon_D90_NA,480,270,1.778,0.4,8.199,44.983,5.304,26.135,0.142,0.003
rfd2f8d05t.TIF,Nikon_D90,NA,Nikon_D90_NA,480,270,1.778,268.47,112.074,52.806,0.205,-0.349,5.122,0.099
rfd2f8d05t_mask.PNG,Nikon_D90,NA,Nikon_D90_NA,480,270,1.778,0.4,5.891,38.308,6.349,38.31,0.11,0.003
DSC05635.TIF,Sony_A57,NA,Sony_A57_NA,480,270,1.778,278.36,71.599,31.72,0.667,0.533,4.817,0.091
DSC05635_mask.PNG,Sony_A57,NA,Sony_A57_NA,480,270,1.778,0.5,9.002,47.058,5.036,23.364,0.153,0.004
DSC05638.TIF,Sony_A57,NA,Sony_A57_NA,480,270,1.778,297.71,204.683,39.841,-1.176,0.596,4.725,0.088
DSC05638_mask.PNG,Sony_A57,NA,Sony_A57_NA,480,270,1.778,0.35,12.394,54.835,4.198,15.626,0.194,0.002
DSC05646.TIF,Sony_A57,NA,Sony_A57_NA,480,270,1.778,261.56,126.334,48.709,0.76,0.377,5.154,0.133
DSC05646_mask.PNG,Sony_A57,NA,Sony_A57_NA,480,270,1.778,0.38,12.366,54.777,4.204,15.671,0.194,0.002
DSC05684.TIF,Sony_A57,NA,Sony_A57_NA,480,270,1.778,226.98,90.711,53.179,0.384,-1.371,4.904,0.053
DSC05684_mask.PNG,Sony_A57,NA,Sony_A57_NA,480,270,1.778,0.54,13.785,57.664,3.944,13.556,0.21,0.005
DSC05748.TIF,Sony_A57,NA,Sony_A57_NA,480,270,1.778,219.97,176.568,23.042,-0.665,0.733,4.377,0.07
DSC05748_mask.PNG,Sony_A57,NA,Sony_A57_NA,480,270,1.778,0.44,13.447,56.992,4.002,14.02,0.206,0.005
DSC05787.TIF,Sony_A57,NA,Sony_A57_NA,480,270,1.778,182.06,175.67,19.807,-0.194,1.529,4.228,0.026
DSC05787_mask.PNG,Sony_A57,NA,Sony_A57_NA,480,270,1.778,0.68,14.507,59.066,3.826,12.638,0.218,0.007
DSC05810.TIF,Sony_A57,NA,Sony_A57_NA,480,270,1.778,278.02,84.268,59.71,0.718,-0.638,5.192,0.091
DSC05810_mask.PNG,Sony_A57,NA,Sony_A57_NA,480,270,1.778,0.74,11.947,53.887,4.289,16.393,0.189,0.007
DSC05822.TIF,Sony_A57,NA,Sony_A57_NA,480,270,1.778,171.42,219.486,38.639,-2.161,3.739,4.007,0.009
DSC05822_mask.PNG,Sony_A57,NA,Sony_A57_NA,480,270,1.778,0.32,9.639,48.632,4.847,21.494,0.161,0.003
DSC05858.TIF,Sony_A57,NA,Sony_A57_NA,480,270,1.778,276.88,131.079,70.815,-0.15,-1.634,5.12,0.118
DSC05858_mask.PNG,Sony_A57,NA,Sony_A57_NA,480,270,1.778,0.55,23.959,74.402,2.783,5.747,0.312,0.004
DSC05865.TIF,Sony_A57,NA,Sony_A57_NA,480,270,1.778,236.83,130.158,26.955,0.603,1.073,4.34,0.061
DSC05865_mask.PNG,Sony_A57,NA,Sony_A57_NA,480,270,1.778,0.74,11.613,53.164,4.36,17.006,0.185,0.006
DSC05887.TIF,Sony_A57,NA,Sony_A57_NA,480,270,1.778,202.58,150.866,55.982,-0.471,-1.075,5.017,0.031
DSC05887_mask.PNG,Sony_A57,NA,Sony_A57_NA,480,270,1.778,0.52,12.416,54.88,4.194,15.59,0.195,0.003
DSC05903.TIF,Sony_A57,NA,Sony_A57_NA,480,270,1.778,227.62,155.18,49.1,-0.229,-0.273,5.257,0.06
DSC05903_mask.PNG,Sony_A57,NA,Sony_A57_NA,480,270,1.778,0.46,4.23,32.57,7.569,55.296,0.084,0.004
DSC05962.TIF,Sony_A57,NA,Sony_A57_NA,480,270,1.778,282.55,90.273,47.358,0.813,-0.089,5.095,0.112
DSC05962_mask.PNG,Sony_A57,NA,Sony_A57_NA,480,270,1.778,0.47,6.942,41.496,5.811,31.763,0.125,0.004
DSC05966.TIF,Sony_A57,NA,Sony_A57_NA,480,270,1.778,219.73,99.155,54.95,0.491,-0.651,5.088,0.072
DSC05966_mask.PNG,Sony_A57,NA,Sony_A57_NA,480,270,1.778,0.34,9.773,48.955,4.81,21.132,0.163,0.004
DSC06005.TIF,Sony_A57,NA,Sony_A57_NA,480,270,1.778,267.14,76.063,55.738,1.246,0.536,5.027,0.071
DSC06005_mask.PNG,Sony_A57,NA,Sony_A57_NA,480,270,1.778,0.34,4.893,34.984,7.009,47.131,0.095,0.002
DSC06028.TIF,Sony_A57,NA,Sony_A57_NA,480,270,1.778,241.83,117.801,38.774,-0.812,-0.339,4.672,0.051
DSC06028_mask.PNG,Sony_A57,NA,Sony_A57_NA,480,270,1.778,0.75,29.057,81.027,2.43,3.904,0.355,0.008
DSC06060.TIF,Sony_A57,NA,Sony_A57_NA,480,270,1.778,211.66,103.418,26.954,0.539,0.814,4.619,0.04
DSC06060_mask.PNG,Sony_A57,NA,Sony_A57_NA,480,270,1.778,0.19,4.527,33.675,7.304,51.341,0.089,0.001
DSC06079.TIF,Sony_A57,NA,Sony_A57_NA,480,270,1.778,193.7,100.33,39.689,0.467,-1.075,4.853,0.02
DSC06079_mask.PNG,Sony_A57,NA,Sony_A57_NA,480,270,1.778,0.8,41.674,94.287,1.821,1.314,0.445,0.005
DSC06083.TIF,Sony_A57,NA,Sony_A57_NA,480,270,1.778,172.54,97.281,46.223,0.406,-1.241,4.949,0.013
DSC06083_mask.PNG,Sony_A57,NA,Sony_A57_NA,480,270,1.778,0.86,20.005,68.564,3.136,7.832,0.275,0.008
DSC06155.TIF,Sony_A57,NA,Sony_A57_NA,480,270,1.778,246.49,119.827,60.202,0.322,-1.433,5.014,0.083
DSC06155_mask.PNG,Sony_A57,NA,Sony_A57_NA,480,270,1.778,0.37,4.134,32.203,7.662,56.701,0.083,0.003
DSC06160.TIF,Sony_A57,NA,Sony_A57_NA,480,270,1.778,159.87,170.246,55.664,-0.837,-0.53,4.974,0.015
DSC06160_mask.PNG,Sony_A57,NA,Sony_A57_NA,480,270,1.778,0.39,13.037,56.165,4.076,14.613,0.202,0.004
DSC06205.TIF,Sony_A57,NA,Sony_A57_NA,480,270,1.778,259.85,55.235,38.705,0.983,0.658,4.822,0.082
DSC06205_mask.PNG,Sony_A57,NA,Sony_A57_NA,480,270,1.778,0.43,12.911,55.908,4.099,14.803,0.2,0.003
DSC06212.TIF,Sony_A57,NA,Sony_A57_NA,480,270,1.778,280.65,75.069,43.587,0.466,-0.715,5.02,0.088
DSC06212_mask.PNG,Sony_A57,NA,Sony_A57_NA,480,270,1.778,0.22,3.119,28.027,8.876,76.779,0.066,0.001
DSC06227.TIF,Sony_A57,NA,Sony_A57_NA,480,270,1.778,240.68,79.524,41.961,0.442,-0.345,5.035,0.059
DSC06227_mask.PNG,Sony_A57,NA,Sony_A57_NA,480,270,1.778,0.17,4.213,32.503,7.586,55.549,0.084,0.001
DSC06229.TIF,Sony_A57,NA,Sony_A57_NA,480,270,1.778,247.41,80.451,52.181,1.267,0.747,4.994,0.087
DSC06229_mask.PNG,Sony_A57,NA,Sony_A57_NA,480,270,1.778,0.33,8.583,45.988,5.172,24.746,0.147,0.003
DSC06240.TIF,Sony_A57,NA,Sony_A57_NA,480,270,1.778,283.32,116.891,49.699,1.166,0.406,5.01,0.04
DSC06240_mask.PNG,Sony_A57,NA,Sony_A57_NA,480,270,1.778,0.36,4.771,34.553,7.104,48.462,0.093,0.002
DSC06266.TIF,Sony_A57,NA,Sony_A57_NA,480,270,1.778,182.68,185.043,29.58,-0.74,1.516,4.51,0.022
DSC06266_mask.PNG,Sony_A57,NA,Sony_A57_NA,480,270,1.778,0.42,13.38,56.858,4.014,14.114,0.206,0.003
DSC06273.TIF,Sony_A57,NA,Sony_A57_NA,480,270,1.778,247.39,136.649,14.49,0.826,1.076,3.983,0.024
DSC06273_mask.PNG,Sony_A57,NA,Sony_A57_NA,480,270,1.778,0.27,3.738,30.648,8.076,63.225,0.076,0.002
DSC06296.TIF,Sony_A57,NA,Sony_A57_NA,480,270,1.778,181.29,102.285,37.847,0.848,0.6,4.798,0.024
DSC06296_mask.PNG,Sony_A57,NA,Sony_A57_NA,480,270,1.778,0.42,6.552,40.347,5.995,33.945,0.119,0.004
DSC06317.TIF,Sony_A57,NA,Sony_A57_NA,480,270,1.778,143.58,168.72,36.075,0.05,-1.39,4.467,0.006
DSC06317_mask.PNG,Sony_A57,NA,Sony_A57_NA,480,270,1.778,0.84,33.451,86.087,2.185,2.774,0.389,0.009
DSC06322.TIF,Sony_A57,NA,Sony_A57_NA,480,270,1.778,149.16,152.826,19.067,-1.205,5.08,4.12,0.011
DSC06322_mask.PNG,Sony_A57,NA,Sony_A57_NA,480,270,1.778,0.29,2.216,23.665,10.588,110.106,0.05,0.002
DSC06337.TIF,Sony_A57,NA,Sony_A57_NA,480,270,1.778,287.01,60.73,33.622,1.402,2.577,4.715,0.114
DSC06337_mask.PNG,Sony_A57,NA,Sony_A57_NA,480,270,1.778,0.36,10.863,51.498,4.53,18.519,0.176,0.003
DSC06343.TIF,Sony_A57,NA,Sony_A57_NA,480,270,1.778,294.22,91.47,39.662,1.105,2.127,4.985,0.131
DSC06343_mask.PNG,Sony_A57,NA,Sony_A57_NA,480,270,1.778,0.48,11.066,51.955,4.482,18.089,0.179,0.003
DSC06349.TIF,Sony_A57,NA,Sony_A57_NA,480,270,1.778,222.72,72.395,28.186,0.24,0.456,4.657,0.05
DSC06349_mask.PNG,Sony_A57,NA,Sony_A57_NA,480,270,1.778,0.25,1.909,21.978,11.429,128.616,0.044,0.001
DSC06389.TIF,Sony_A57,NA,Sony_A57_NA,480,270,1.778,267.08,108.114,55.209,0.461,-0.434,5.279,0.104
DSC06389_mask.PNG,Sony_A57,NA,Sony_A57_NA,480,270,1.778,0.42,12.028,54.06,4.272,16.25,0.19,0.003
DSC06390.TIF,Sony_A57,NA,Sony_A57_NA,480,270,1.778,255.48,117.607,45.647,0.699,-0.28,5.121,0.101
DSC06390_mask.PNG,Sony_A57,NA,Sony_A57_NA,480,270,1.778,0.81,16.195,62.189,3.58,10.813,0.237,0.009
DSC06771.TIF,Sony_A57,NA,Sony_A57_NA,480,270,1.778,264.4,72.396,44.022,1.103,1.36,4.896,0.045
DSC06771_mask.PNG,Sony_A57,NA,Sony_A57_NA,480,270,1.778,0.96,32.408,84.934,2.239,3.014,0.381,0.009
DSC07003.TIF,Sony_A57,NA,Sony_A57_NA,480,270,1.778,298.42,96.994,44.963,0.867,0.111,5.007,0.126
DSC07003_mask.PNG,Sony_A57,NA,Sony_A57_NA,480,270,1.778,0.24,2.198,23.571,10.632,111.034,0.05,0.001
DSC07004.TIF,Sony_A57,NA,Sony_A57_NA,480,270,1.778,294.3,96.283,42.869,0.429,-0.376,5.084,0.119
DSC07004_mask.PNG,Sony_A57,NA,Sony_A57_NA,480,270,1.778,0.43,8.449,45.641,5.217,25.216,0.145,0.003
DSC07014.TIF,Sony_A57,NA,Sony_A57_NA,480,270,1.778,232.96,34.605,26.609,1.909,2.938,3.379,0.066
DSC07014_mask.PNG,Sony_A57,NA,Sony_A57_NA,480,270,1.778,0.58,17.761,64.913,3.381,9.432,0.253,0.005
DSC07125.TIF,Sony_A57,NA,Sony_A57_NA,480,270,1.778,231.57,97.863,40.237,0.455,-0.274,4.879,0.02
DSC07125_mask.PNG,Sony_A57,NA,Sony_A57_NA,480,270,1.778,0.29,3.76,30.736,8.052,62.833,0.077,0.002
DSC07140.TIF,Sony_A57,NA,Sony_A57_NA,480,270,1.778,262.75,130.389,40.411,0.237,-1.03,4.951,0.083
DSC07140_mask.PNG,Sony_A57,NA,Sony_A57_NA,480,270,1.778,0.36,8.799,46.544,5.101,24.016,0.15,0.003
DSC07193.TIF,Sony_A57,NA,Sony_A57_NA,480,270,1.778,178.95,121.902,34.538,0.441,-0.983,4.739,0.0
DSC07193_mask.PNG,Sony_A57,NA,Sony_A57_NA,480,270,1.778,0.73,12.25,54.532,4.227,15.866,0.193,0.008
DSC07222.TIF,Sony_A57,NA,Sony_A57_NA,480,270,1.778,311.5,140.667,20.695,-0.577,1.096,4.416,0.098
DSC07222_mask.PNG,Sony_A57,NA,Sony_A57_NA,480,270,1.778,0.39,11.591,53.117,4.364,17.047,0.185,0.003
DSC07311.TIF,Sony_A57,NA,Sony_A57_NA,480,270,1.778,168.89,138.181,67.263,-0.197,-1.452,5.306,0.017
DSC07311_mask.PNG,Sony_A57,NA,Sony_A57_NA,480,270,1.778,1.9,50.142,101.351,1.527,0.33,0.496,0.023
DSC07341.TIF,Sony_A57,NA,Sony_A57_NA,480,270,1.778,202.5,116.709,58.514,0.545,-1.314,4.928,0.022
DSC07341_mask.PNG,Sony_A57,NA,Sony_A57_NA,480,270,1.778,0.93,24.949,75.76,2.707,5.329,0.32,0.01
DSC07400.TIF,Sony_A57,NA,Sony_A57_NA,480,270,1.778,214.12,50.265,23.216,0.566,-0.345,4.47,0.033
DSC07400_mask.PNG,Sony_A57,NA,Sony_A57_NA,480,270,1.778,0.49,46.378,98.364,1.649,0.721,0.474,0.004
DSC07411.TIF,Sony_A57,NA,Sony_A57_NA,480,270,1.778,285.43,106.516,43.369,0.735,0.025,4.916,0.085
DSC07411_mask.PNG,Sony_A57,NA,Sony_A57_NA,480,270,1.778,0.8,46.425,98.403,1.648,0.715,0.475,0.01
DSC07443.TIF,Sony_A57,NA,Sony_A57_NA,480,270,1.778,289.45,78.789,55.772,0.584,-0.814,5.151,0.128
DSC07443_mask.PNG,Sony_A57,NA,Sony_A57_NA,480,270,1.778,0.32,16.17,62.143,3.583,10.838,0.236,0.003
DSC07462.TIF,Sony_A57,NA,Sony_A57_NA,480,270,1.778,278.26,145.261,43.531,0.319,-1.149,4.933,0.083
DSC07462_mask.PNG,Sony_A57,NA,Sony_A57_NA,480,270,1.778,0.58,12.179,54.382,4.241,15.987,0.192,0.004
DSC07463.TIF,Sony_A57,NA,Sony_A57_NA,480,270,1.778,310.42,129.133,35.044,1.306,1.869,4.79,0.151
DSC07463_mask.PNG,Sony_A57,NA,Sony_A57_NA,480,270,1.778,0.56,26.464,77.769,2.598,4.751,0.333,0.004
DSC07469.TIF,Sony_A57,NA,Sony_A57_NA,480,270,1.778,148.21,123.226,57.314,0.271,-1.645,4.78,0.005
DSC07469_mask.PNG,Sony_A57,NA,Sony_A57_NA,480,270,1.778,1.82,50.337,101.499,1.52,0.312,0.497,0.02
